{"Class":{"Rogue":{"count":150,"occurance":0.1428571492433548},"Warrior":{"count":150,"occurance":0.1428571492433548},"Mage":{"count":150,"occurance":0.1428571492433548},"Druid":{"count":150,"occurance":0.1428571492433548},"Paladin":{"count":150,"occurance":0.1428571492433548},"Tinker":{"count":150,"occurance":0.1428571492433548},"Priest":{"count":150,"occurance":0.1428571492433548}},"Location":{"Celestial_Cliffs":{"count":210,"occurance":0.20000000298023225},"Ebisus_Bay":{"count":210,"occurance":0.20000000298023225},"Verdant_Forest":{"count":210,"occurance":0.20000000298023225},"Felisgarde":{"count":210,"occurance":0.20000000298023225},"Highlands":{"count":210,"occurance":0.20000000298023225}},"RarityTrait":{"Common":{"count":518,"occurance":0.4933333396911621},"Uncommon":{"count":280,"occurance":0.2666666805744171},"Rare":{"count":126,"occurance":0.11999999731779099},"Epic":{"count":77,"occurance":0.07333333045244217},"Legendary":{"count":42,"occurance":0.03999999910593033},"Mythic":{"count":7,"occurance":0.006666666828095913}},"Skin":{"Fair":{"count":350,"occurance":0.3333333432674408},"Medium":{"count":350,"occurance":0.3333333432674408},"Tan":{"count":350,"occurance":0.3333333432674408}}}